{
    "model_accuracy": 2.5396825396825395,
    "model_loss": 0.02692449660528274
}